{"_step":4,"val_loss":1.4673056602478027,"acc":0.4399999976158142,"epoch":4,"_wandb":{"runtime":27},"_runtime":27,"trainer/global_step":124,"_timestamp":1.7684834405236723e+09}