acc,epoch,step,val_loss
0.28999999165534973,0,24,1.5821341276168823
0.1599999964237213,1,49,1.7946652173995972
0.25,2,74,1.6760048866271973
0.15000000596046448,3,99,1.7983369827270508
