{"val_loss":1.4195719957351685,"acc":0.3799999952316284,"epoch":4,"trainer/global_step":124,"_timestamp":1.7684835222908072e+09,"_wandb":{"runtime":25},"_runtime":25,"_step":4}