{"_step":4,"_wandb":{"runtime":24},"_runtime":24,"val_loss":1.5355943441390991,"acc":0.3799999952316284,"epoch":4,"trainer/global_step":124,"_timestamp":1.7684832613382928e+09}