{"acc":0.28999999165534973,"_wandb":{"runtime":25},"_runtime":25,"epoch":4,"trainer/global_step":124,"_timestamp":1.7684833488450236e+09,"_step":4,"val_loss":1.6213161945343018}