{"trainer/global_step":124,"_timestamp":1.768483219456696e+09,"_wandb":{"runtime":27},"_runtime":27,"_step":4,"val_loss":1.4876168966293335,"acc":0.4300000071525574,"epoch":4}