{"_wandb":{"runtime":16},"_runtime":16,"_timestamp":1.768483548715655e+09,"_step":1,"val_loss":1.5397021770477295,"acc":0.3100000023841858,"epoch":1,"trainer/global_step":49}