acc,epoch,step,val_loss
0.14000000059604645,0,24,1.8017988204956055
0.2199999988079071,1,49,2.1333653926849365
0.23000000417232513,2,74,1.9594334363937378
0.25,3,99,1.855733036994934
