{"_step":24,"train_loss":1.6176120042800903,"_timestamp":1.7684805019358466e+09,"_wandb":{"runtime":5},"_runtime":5}