{"_wandb":{"runtime":28},"_runtime":28,"_step":4,"val_loss":2.2145164012908936,"acc":0.15000000596046448,"epoch":4,"trainer/global_step":124,"_timestamp":1.768483307141598e+09}