{"_runtime":25,"trainer/global_step":124,"_timestamp":1.7684834835542023e+09,"_step":4,"val_loss":2.153627634048462,"acc":0.3199999928474426,"epoch":4,"_wandb":{"runtime":25}}