{"_runtime":27,"_timestamp":1.7684833902907665e+09,"_step":4,"val_loss":1.4670637845993042,"acc":0.4000000059604645,"epoch":4,"trainer/global_step":124,"_wandb":{"runtime":27}}