{"_wandb":{"runtime":5},"_runtime":5,"train_loss":1.6259748935699463,"_timestamp":1.7684804641269915e+09,"_step":24}